User ID,Last name,Phone Number
1,Bodham,398-9830
2,Barge,925-4902
3,Sprigin,219-0420
4,Hulkes,398-3356
5,Dwyer,219-3827
6,Myall,997-6202
7,Prall,398-2185
8,Claque,209-2034
9,MacCallister,209-4406
10,Ferrey,997-0128
11,Bestwick,997-1175
12,Verny,398-4126
13,Pape,429-2993
14,Macenzy,209-3566
15,Ferbrache,398-3063
16,Mattocks,908-3675
17,Mum,908-7896
18,Ladlow,209-9171
19,Matresse,219-3482
20,Troutbeck,997-5541
21,Taffley,270-4633
22,Sweeney,925-1688
23,Flaxman,209-6725
24,Orriss,908-8476
25,Mattocks,429-8117
26,Hickenbottom,867-0405
27,Eingerfield,997-3146
28,Bettlestone,209-6736
29,Eastcott,997-7271
30,Kettell,219-3232
31,Kenwrick,398-0014
32,Acuna,997-6416
33,Androsik,219-9935
34,O'Neill,997-9142
35,Finden,219-3110
36,Barnsdall,429-2377
37,Patullo,429-7760
38,Trelevan,270-5689
39,Snarr,209-7052
40,Olivelli,429-2286
41,Whillock,908-7188
42,Tatteshall,925-5274
43,Vallens,219-3161
44,Hundal,867-0898
45,Dumphries,219-3798
46,Tattershall,925-6264
47,Parysiak,398-2112
48,Hamlin,270-3731
49,Pavlovsky,270-2641
50,Wooff,219-7378
51,MacConnal,867-7308
52,Chewter,867-4550
53,O'Donoghue,219-5317
54,Chatelet,429-4258
55,M'Quharge,429-8215
56,Dallander,867-0280
57,Crankhorn,867-1962
58,Korneichuk,997-2647
59,Gerran,997-4527
60,Matyatin,209-9186
61,Ramsey,270-4547
62,Mallindine,398-9848
63,Struis,398-9916
64,Hickenbottom,867-8025
65,Probbing,219-1965
66,Sowrey,444-0419
67,Sebastian,270-3589
68,Keford,925-8024
69,Raiker,444-2403
70,Myall,925-5429
71,Hartless,219-1008
72,Kerman,997-8021
73,Ruffle,270-5463
74,McClinton,429-9361
75,Strickland,997-6618
76,Elnor,270-3477
77,Blamphin,867-6168
78,Leidecker,270-3617
79,Lambkin,398-5243
80,Glover,997-2208
81,Gaitskill,908-8641
82,Chidwick,429-5795
83,Pie,209-4152
84,Kernley,398-8682
85,Hought,429-8705
86,Gebhard,398-7750
87,Horburgh,997-3037
88,Schoenrock,270-8489
89,Azam,219-5432
90,Follacaro,908-5143
91,Lea,867-2402
92,Kuhnt,270-2107
93,O'Duane,270-7012
94,Korous,219-5163
95,Bould,925-5060
96,De Lorenzo,867-5541
97,Phelps,270-9571
98,Patullo,997-8318
99,Gemson,270-2736
100,Romagnosi,219-5121
101,Lambkin,908-5873
102,Miell,219-2068
103,Naptin,925-9776
104,Conahy,444-7418
105,Merrall,209-4210
106,Heyworth,444-3515
107,Kulas,444-8067
108,Infantino,908-7966
109,Pettiward,997-0548
110,Wabersich,925-4785
111,Lippett,997-3296
112,Fritter,925-0191
113,Goscar,997-7193
114,Virgo,444-5372
115,Ledekker,219-6260
116,Leibold,925-8419
117,Weekley,925-8440
118,Setford,925-8247
119,Johnstone,867-1472
120,Gristwood,219-5845
121,Barracks,925-5162
122,Liverock,925-9282
123,Eastby,270-2378
124,MacCole,867-0654
125,Blundin,867-0797
126,Houltham,219-9373
127,Hamlin,398-1918
128,Korous,867-5956
129,Balasini,270-9846
130,Farryn,997-9856
131,Peyes,925-1710
132,O'Hollegan,908-1910
133,Matresse,429-1263
134,Babst,925-9816
135,Lenihan,908-4551
136,Izachik,209-4029
137,Kyle,997-7068
138,Segot,270-4926
139,Barge,925-9745
140,Mebius,925-6639
141,Andrichak,867-9306
142,Leipelt,908-4077
143,Leckenby,925-6444
144,Febvre,209-7842
145,Shuttell,908-6162
146,Syncke,219-8053
147,Janiak,270-0541
148,Snasel,270-3540
149,Gwilliam,209-8802
150,Suddock,209-5021
151,Flowith,209-9955
152,Patillo,867-6532
153,Stammer,270-6462
154,O'Doogan,429-9533
155,Pabelik,429-7350
156,Forder,908-9784
157,Chatwood,398-2599
158,Woolliams,925-4679
159,Summerill,398-0546
160,Blundin,997-0633
161,Dudney,270-0256
162,Casper,209-3711
163,Gaitskill,270-1562
164,Messer,209-8628
165,O'Doogan,429-2827
166,Simonsson,997-0953
167,Bowden,209-6583
168,Woodland,867-3816
169,Stainbridge,219-4063
170,Desport,925-3315
171,Bowden,867-8821
172,Godilington,997-1166
173,Delong,908-0418
174,Chastanet,398-5388
175,Sackler,398-0426
176,Godilington,997-6937
177,Ingall,997-6870
178,Turle,270-4142
179,Tschersich,219-0263
180,Leatt,925-6084
181,Hallum,398-0652
182,Newick,867-4847
183,Yeomans,444-3680
184,Creser,908-9403
185,Adair,908-9505
186,Wevell,444-5313
187,Syncke,398-1566
188,Ocklin,997-1178
189,Guitonneau,398-7165
190,Khomishin,925-5665
191,Blasing,219-5645
192,Drees,209-5076
193,Brothwood,429-9706
194,Gossington,908-9977
195,Stollard,219-9616
196,Gladding,925-5183
197,Dyers,444-0846
198,Whistan,209-8168
199,Cornall,997-4754
200,Claesens,429-1470
201,Remmers,867-6197
202,Ralphs,219-1422
203,Shearme,444-0465
204,Disbrow,398-2529
205,Padrick,867-9336
206,Jorez,219-8937
207,Bettington,270-6436
208,Vaszoly,867-4987
209,Aartsen,867-6772
210,Richardson,209-8722
211,O'Donoghue,444-5330
212,O'Neill,398-2118
213,Luigi,444-5620
214,Suggate,209-6466
215,Chrystie,270-9219
216,Deveraux,908-5757
217,Linne,219-3526
218,Juliano,429-4168
219,Hindge,219-5359
220,Walstow,429-0796
221,Scotchford,867-3774
222,Finden,908-6151
223,Danell,270-6581
224,Gueny,867-5544
225,Conahy,429-3101
226,Ducastel,398-5387
227,Wheatland,270-3081
228,Covolini,908-7972
229,Gerran,398-0978
230,de Najera,398-1477
231,Loxdale,444-5195
232,Gyde,209-9379
233,Matushevitz,398-8328
234,Broe,908-8555
235,Ellif,398-7695
236,Audsley,908-1800
237,Matushevitz,429-8587
238,Close,867-4961
239,Balmann,398-8130
240,Niland,925-1898
241,Patullo,429-9610
242,Bartos,867-0310
243,Rogez,209-8919
244,Dilrew,444-4590
245,Setford,997-0005
246,Tink,398-4784
247,Woodland,429-4337
248,Crayden,908-6799
249,Gildea,444-5097
250,Wheowall,270-9369
251,Franklin,908-5166
252,Burcher,908-7055
253,Pett,209-3106
254,Yacob,219-8387
255,Labitt,925-6547
256,Mendes,209-5972
257,Jose,398-3710
258,Siemandl,429-9765
259,Mitchell,209-2864
260,Heyworth,908-5293
261,Gheeraert,925-4298
262,Archambault,270-3400
263,Mallinar,444-0451
264,Khomishin,908-1339
265,Kunkler,444-7383
266,Byrnes,398-4046
267,Finlan,908-8287
268,Gooddie,398-9062
269,Ivons,867-4292
270,Rexworthy,908-5398
271,Sarre,209-9799
272,Dudderidge,867-9534
273,Nowak,270-1239
274,Farrow,925-6124
275,Bartolozzi,429-7976
276,Heyworth,270-3164
277,Conahy,270-2511
278,Padrick,209-4329
279,Nacey,997-5111
280,MacCafferky,925-3758
281,Trolley,270-0520
282,Fenlon,209-5573
283,Gotcliffe,398-1572
284,Verdy,219-2826
285,Koenraad,219-1122
286,Seer,925-7694
287,Bourdas,209-3717
288,Penzer,997-5323
289,Ducastel,908-4442
290,Bedburrow,444-3685
291,Bownes,925-7632
292,Whorlton,398-8967
293,Gladdis,867-2204
294,Dowgill,398-9132
295,Verny,209-1805
296,Normavell,925-0888
297,Audsley,429-2838
298,Houltham,398-4612
299,Carmo,429-6589
300,Etuck,270-0825
301,Embery,925-9611
302,Dauney,925-5226
303,Flode,398-0885
304,McMechan,908-8149
305,Fairy,209-0610
306,Filmer,429-4058
307,Kehri,429-8731
308,Liebmann,219-7612
309,Baudet,925-3432
310,Mabb,219-1216
311,Threlfall,209-7600
312,Wormstone,908-7482
313,Melross,925-5228
314,Tester,429-3846
315,Hamlin,398-6941
316,Drakeford,270-5368
317,Di Pietro,219-0570
318,McEwen,997-3913
319,Dyball,867-6880
320,Brunker,444-3387
321,Kruschov,219-0684
322,Rowson,997-2208
323,Whillock,398-1888
324,Disbrow,398-5319
325,Gravenor,908-4564
326,Khomishin,997-7805
327,Kettell,997-1631
328,Waters,925-3343
329,Prugel,867-7735
330,Eskell,429-5096
331,Prandini,219-7366
332,Acuna,997-3375
333,Colson,444-5640
334,Lenihan,398-9353
335,Glastonbury,219-9064
336,Blankett,429-3084
337,Threlfall,444-7416
338,Delong,398-1930
339,Ivanitsa,997-1738
340,Gresswood,444-5731
341,Nockells,925-2050
342,Broe,908-2460
343,Brodbin,398-7048
344,Delnevo,908-4177
345,Corns,925-4110
346,Butler-Bowdon,270-9585
347,Yanele,908-2987
348,McClinton,398-5063
349,Shearme,398-8003
350,Flicker,270-8946
351,Scotchford,997-8000
352,O' Dornan,398-1161
353,Gallymore,908-2563
354,Dionisetto,867-8834
355,Lukesch,867-5248
356,Flowith,997-7671
357,McKeefry,209-6056
358,Claque,398-7913
359,Gollin,925-0876
360,Sackler,270-0415
361,Drakeford,398-4340
362,Innett,270-2991
363,Linne,270-4731
364,Niezen,429-5848
365,Hanna,925-8825
366,MacCafferky,209-5806
367,Kunkler,429-2287
368,Speenden,429-9141
369,Larmor,925-7590
370,Pairpoint,908-4760
371,Featherstone,908-0842
372,Iacovides,429-1953
373,Hallum,997-1621
374,Wakeling,867-7143
375,Wakeford,209-6317
376,Carmo,429-9335
377,Wheowall,867-9635
378,Deetlof,398-0606
379,Erbe,925-7989
380,Smeal,398-3837
381,Yanele,925-7558
382,Kays,209-0775
383,Seebert,867-0415
384,Prine,925-1501
385,Arton,270-2100
386,Dunderdale,925-3316
387,Gave,925-5492
388,Jermyn,209-3420
389,Jaksic,398-7268
390,Sherborne,997-8139
391,Hoggin,429-4187
392,Levensky,209-0073
393,McGrotty,908-2821
394,Leidecker,398-7571
395,De Ruggiero,997-7003
396,Dyers,398-7210
397,Rea,270-8746
398,Sprigin,209-8768
399,Barthot,925-4017
400,Hambidge,867-3680
401,Parysiak,219-6798
402,Guilleton,867-9552
403,MacSkeaghan,908-8132
404,Brodhead,219-9387
405,Farrow,270-1132
406,Trower,398-6787
407,Legging,398-7596
408,Bulfoot,867-2787
409,Gheeorghie,925-6731
410,Wood,398-4253
411,Denisovich,219-6431
412,Scotchford,444-3972
413,Fodden,908-7137
414,Mallinar,444-6977
415,Waters,219-9564
416,Barnsdall,997-8915
417,Reitenbach,209-3386
418,Truder,209-8145
419,Kruschov,429-2576
420,Walstow,925-7434
421,Cornall,867-2691
422,Claesens,398-8119
423,Ocklin,219-5425
424,Bleby,398-7523
425,Mummery,270-7766
426,Tuson,867-0303
427,Shapera,398-3864
428,Daniellot,270-8442
429,Spiaggia,908-3708
430,Leibold,429-1705
431,Blasing,925-3491
432,Bartolozzi,270-5365
433,Flann,997-6074
434,Mundwell,997-0516
435,Revans,997-7240
436,Jasiak,398-1374
437,Kobel,444-9748
438,Simm,270-5544
439,Albrook,398-3232
440,Barnett,997-0243
441,Mulchrone,270-1337
442,Ridgwell,867-3962
443,Barrie,867-6120
444,MacCallister,270-5870
445,Pavlovsky,925-9542
446,Dalliwater,444-3427
447,Scholfield,398-3036
448,Bayfield,444-8196
449,Anthony,867-4246
450,Antoniewicz,925-8407
451,Gaitskill,908-4611
452,Brodhead,270-1656
453,Ector,209-7160
454,Crichley,398-4013
455,Guitonneau,908-5781
456,O'Hollegan,908-3105
457,Van Oord,444-6059
458,Patrone,270-6373
459,Westrope,219-3100
460,Levensky,867-2664
461,Grahlmans,398-2193
462,Scorton,925-5647
463,Haney,270-2539
464,Adair,429-6506
465,Ainger,270-9941
466,Bogays,270-9485
467,Shearme,398-0811
468,Conford,270-3799
469,O'Noulane,908-2428
470,Cowthart,867-9419
471,Leipelt,398-2028
472,Morrill,867-5795
473,Ayce,867-9730
474,Whicher,219-6687
475,Marvell,429-4998
476,MacConnal,997-5746
477,Mayers,908-6088
478,Kamienski,444-2671
479,Ferbrache,270-0195
480,Chastanet,867-8196
481,Leman,444-7208
482,Anscott,270-9383
483,Maase,270-7015
484,Patillo,398-9967
485,Blay,270-0921
486,Yallowley,429-5987
487,Rea,997-7417
488,Gheeraert,925-2883
489,Loveday,925-9243
490,Azam,997-6275
491,Mew,270-0532
492,Woolliams,444-0978
493,Ronchka,444-6727
494,Lucien,908-7257
495,Brabben,429-9675
496,Andrichak,270-6165
497,Drees,444-7552
498,Swanton,219-3412
499,Antoniottii,867-9824
500,Jeffree,444-1306
501,Normavell,398-7786
502,Swetman,925-0456
503,Shapera,925-4591
504,Francombe,398-9542
505,Remmers,219-9384
506,Blackaller,219-8520
507,Edmonson,270-4903
508,Harriot,997-2519
509,Ivons,867-3583
510,Hugill,997-0445
511,Mum,444-3613
512,Ocklin,398-1355
513,Kacheller,867-8048
514,Wheowall,429-1203
515,Lamperti,925-5875
516,Kearton,867-6690
517,Beaushaw,867-7691
518,Loveday,219-2457
519,Trumpeter,219-8815
520,McFadin,908-6698
521,Landon,270-3302
522,Whillock,270-5975
523,Memory,270-2473
524,Pedrazzi,429-9514
525,Bembrigg,867-3434
526,McIlvenna,219-9380
527,Daniellot,867-9591
528,Millthorpe,444-0799
529,Mummery,925-0180
530,Bygrove,209-4107
531,Viel,997-5018
532,Abby,429-3901
533,Revan,925-3072
534,Wabersich,209-5216
535,Yanele,270-5743
536,Wabersich,219-9901
537,Follacaro,997-7670
538,Verny,908-4574
539,Landon,908-9897
540,Glazyer,398-3456
541,Scotchford,270-8103
542,Tracy,209-9249
543,Bassil,429-1838
544,Shapera,398-9366
545,Sackler,219-2873
546,Blackhurst,429-0817
547,Erbe,209-2552
548,Ivins,444-2328
549,Salsberg,209-9922
550,Vernau,219-3149
551,Ogelbe,398-4383
552,Gaitskill,219-5576
553,Dudderidge,925-2189
554,Fronek,429-8393
555,Castagneri,270-3206
556,MacCole,429-2188
557,Fillary,925-0270
558,Izachik,444-6534
559,Grayston,209-6876
560,Steffans,219-2631
561,Hember,270-6549
562,Pie,867-1161
563,Callingham,219-0447
564,Liverock,209-4427
565,Ogelbe,398-8505
566,Godilington,867-1706
567,Snarr,270-3369
568,Felipe,925-1259
569,Gollin,209-6902
570,Hambidge,908-4628
571,Havile,908-2634
572,Borthram,270-7619
573,Spring,925-2270
574,Kelly,209-9366
575,Tootell,925-2312
576,Prati,429-7740
577,Allsupp,997-0443
578,Caldairou,219-7270
579,Horburgh,867-1289
580,Farryn,209-2078
581,Petchell,997-9100
582,Rawstorne,867-7021
583,Trunby,925-0366
584,Nockells,997-7514
585,McClinton,444-5625
586,Syncke,429-7754
587,Lougheed,429-4686
588,Ducastel,444-2486
589,Matresse,997-0819
590,Glassborow,908-0621
591,Ducastel,270-0892
592,Mendes,867-4121
593,McRitchie,908-0848
594,Creer,209-2201
595,Egglestone,270-8391
596,Blundin,925-6190
597,Segot,209-2051
598,Jerred,209-0763
599,Hyslop,398-4380
600,O'Meara,867-5285
601,M'Chirrie,429-9598
602,Helsby,908-3694
603,Goodban,908-4689
604,Blanden,219-3181
605,Revan,209-9799
606,Hickenbottom,997-5413
607,Geeraert,925-7278
608,Blackaller,925-6195
609,Babst,908-7146
610,Bilovsky,925-6144
611,De Lorenzo,209-0532
612,Bleby,997-2733
613,Rudwell,925-5265
614,Gresswood,398-8129
615,Prandini,444-0706
616,Houltham,867-2466
617,Bartos,270-0963
618,Sarre,270-3589
619,Rustidge,444-0418
620,Van Oord,270-3645
621,Balmann,444-3753
622,Newick,908-0706
623,Twentyman,908-3650
624,Shank,270-6566
625,McGilben,209-6817
626,Crayden,908-2129
627,Jellico,444-0287
628,Scorton,997-6948
629,Mallinar,429-0237
630,Rowson,925-4390
631,Johantges,219-6779
632,Schaffel,908-3398
633,Peyes,925-0048
634,Myall,398-3490
635,Morrill,925-5240
636,Savaage,398-8530
637,Pinch,997-5862
638,Kruschov,997-5804
639,Janacek,908-3489
640,Kacheller,209-8308
641,Juliano,429-5571
642,Abbs,429-7223
643,Jerrolt,925-2800
644,Bourgeois,925-9529
645,Rumford,925-0489
646,Dyball,908-3795
647,Kays,997-6023
648,Hemerijk,209-0362
649,Sheward,908-8660
650,Vandenhoff,997-0923
651,Hallum,398-4575
652,Jakeway,209-3044
653,Balcon,429-3088
654,Luno,867-2860
655,Scarf,925-4092
656,Hamley,398-6310
657,Miell,444-3730
658,Andrichak,925-0326
659,Janiak,997-9977
660,Luno,219-3171
661,Memmory,270-0611
662,Ronchka,444-3736
663,Johantges,997-1067
664,Nanni,925-8962
665,Newiss,429-5263
666,Barnsdall,270-6855
667,Fulker,219-8752
668,Messer,444-6559
669,Dunkersley,209-5363
670,Bilovsky,398-8296
671,Berkely,209-6284
672,MacSkeaghan,997-2257
673,McClinton,444-4552
674,Geeraert,997-6851
675,Juliano,997-9807
676,Niland,925-2563
677,Androsik,209-2961
678,Blackaller,908-3380
679,Fenlon,925-8476
680,Marzele,908-5240
681,Presnall,429-4166
682,Loosley,444-0956
683,McGlaughn,925-9845
684,Axten,270-0060
685,Mendes,398-0978
686,Carthew,997-3590
687,Brodhead,997-4480
688,Tuminini,398-8013
689,Congdon,444-6590
690,Claesens,398-2231
691,Clacey,925-3132
692,Broe,219-0641
693,Hought,908-3621
694,Trunby,444-4116
695,Conford,997-9220
696,Franklin,209-2367
697,Roles,209-0356
698,Balmann,429-7833
699,Kiehnlt,398-1783
700,Grayston,398-8029
701,Scholig,908-9101
702,McGlaughn,270-6564
703,Yakovlev,867-0688
704,Stuck,925-3537
705,Mundwell,444-3873
706,Gemson,209-8140
707,Verny,867-2164
708,Mayworth,925-7096
709,Labitt,209-4622
710,Tink,908-5818
711,Blankett,429-2359
712,Burcher,908-1995
713,Bills,219-2928
714,Skym,867-4856
715,Segot,209-1024
716,Trenfield,429-9132
717,Myall,219-0647
718,Bettlestone,444-2971
719,Dightham,908-9661
720,Gollin,908-1867
721,Wesson,209-2065
722,Grahlmans,209-3656
723,Robbings,444-6872
724,Denecamp,444-5472
725,Beddoe,444-5141
726,Dauney,429-2539
727,Scorton,209-9145
728,Gilburt,444-9146
729,Rea,219-5584
730,Dorken,997-6925
731,Petry,867-0076
732,Mundwell,209-2895
733,Snarr,219-3639
734,Delong,270-3840
735,Brothwood,997-4522
736,Syncke,219-9003
737,Peyes,997-3390
738,O'Neill,270-3424
739,Simonich,270-1976
740,Dionisetto,219-1095
741,O'Doogan,398-8970
742,Bigham,867-8238
743,Werrit,429-2312
744,Forsythe,908-2704
745,Beddoe,925-4831
746,Tracy,908-4486
747,Felipe,398-0417
748,Fairy,997-5710
749,Kale,997-6337
750,Kaindl,429-9241
751,De Lorenzo,908-8562
752,Tester,219-3851
753,Peyes,209-5217
754,Benard,270-0491
755,Dewi,209-6799
756,Murton,997-6091
757,Castellanos,209-7914
758,Haresnape,867-0726
759,Breem,444-8321
760,Drakeford,925-4163
761,Verny,209-3142
762,Fer,867-1152
763,Kernley,925-9931
764,Lowe,867-7321
765,Ramsey,219-3155
766,Sabie,867-7966
767,Legging,925-3167
768,Johnstone,429-1866
769,Milsap,398-0614
770,Brando,219-5329
771,Bownes,209-4279
772,Patullo,444-2871
773,McGinlay,908-2470
774,Harriot,270-3191
775,Swanton,997-1252
776,Sokill,908-4917
777,Battill,219-7114
778,Begwell,925-1909
779,Bowden,398-7346
780,Trelevan,867-5966
781,Reasun,270-5951
782,Bembrigg,270-3734
783,Smitham,908-4197
784,Kyle,997-1964
785,Tootell,398-6332
786,Crawshay,219-8714
787,Rodgier,429-2949
788,Trase,398-6201
789,Trice,444-6596
790,Giblin,925-8935
791,Miell,867-3386
792,Setford,908-8459
793,Blanden,444-1305
794,Tattershall,925-2342
795,Bensley,209-2113
796,Millthorpe,219-6389
797,Syalvester,398-4342
798,Shimman,219-2067
799,Rodnight,270-6846
800,Begwell,209-6972
801,Clacey,867-4645
802,Haggerwood,270-3154
803,Greenhough,270-7041
804,Gillbe,925-5351
805,Kitchenman,270-8013
806,Ronchka,908-5175
807,Hundal,908-1945
808,Labitt,908-6183
809,Huddle,429-1055
810,Loads,209-9296
811,Frend,209-0544
812,Reitenbach,398-2910
813,Veare,908-7152
814,Gilburt,444-2092
815,Feldman,429-6373
816,Mayworth,398-1521
817,Domleo,867-8382
818,Audsley,997-0792
819,Grenville,997-5103
820,Brunker,429-0552
821,Biset,219-2020
822,Henner,209-2114
823,Rohan,209-4385
824,Busswell,997-7566
825,O'Doogan,219-5215
826,Crayden,429-6824
827,Wardle,398-3605
828,Edmonson,908-6909
829,Johnstone,867-4682
830,Franceschi,270-8084
831,Hallum,908-0001
832,Bembrigg,997-7951
833,Whistan,867-7428
834,Bowden,270-8608
835,Gregory,908-6326
836,Woollin,997-5475
837,Ionn,270-6538
838,Scarf,444-0888
839,Ayce,219-3565
840,de Najera,429-7640
841,Hember,209-2894
842,Dowle,209-7116
843,Barnaclough,444-2445
844,O'Noulane,867-2712
845,Grayston,429-2630
846,Janiak,867-8094
847,Taffley,398-6605
848,Sarre,398-4235
849,Dudderidge,270-2958
850,Shank,209-0243
851,Lockless,429-9632
852,Millthorpe,444-6388
853,Creenan,997-0440
854,Flicker,219-6542
855,Wardle,925-5442
856,Leipelt,925-8342
857,Flicker,908-1444
858,Sprigin,444-3311
859,Gossington,270-1255
860,Deetlof,209-4390
861,Olivelli,429-4518
862,Lucien,444-5832
863,Toke,867-9394
864,Eastby,398-7931
865,Daid,398-6241
866,De Ruggero,219-9720
867,Brogini,444-0633
868,O'Suaird,908-3956
869,Gosenell,270-0849
870,Rowson,209-6639
871,Bleby,219-5512
872,Keam,444-0365
873,Gero,429-4729
874,Flowith,398-0595
875,Rea,270-2719
876,Keford,908-5550
877,Houltham,997-4648
878,Gheeorghie,398-3031
879,Pettiward,997-8542
880,Suddock,908-7318
881,Hemms,398-5186
882,Eastway,398-6453
883,Naulls,209-4829
884,Feaster,444-2487
885,Huddy,429-6620
886,Dewi,398-8952
887,Burcher,444-6796
888,McQuillin,429-1298
889,Innett,444-4388
890,Messer,209-6184
891,Semonin,444-5067
892,Rodgier,867-9724
893,Claesens,270-2081
894,Kernley,444-4235
895,Ezele,867-1169
896,Speenden,398-0530
897,Etuck,219-3522
898,Baldin,209-7131
899,Macenzy,429-5485
900,Marzele,997-6121
901,Ogelbe,997-5281
902,Ager,270-0363
903,Kitchenman,867-8700
904,Antoniottii,219-4927
905,Bulfoot,398-9449
906,Leman,398-2816
907,Prall,219-0121
908,Blasing,925-3172
909,MacCafferky,429-0242
910,Linsay,925-5639
911,Ledstone,429-3820
912,Kale,444-2265
913,Raiker,444-5617
914,McGinlay,219-5302
915,McGaughay,997-7491
916,O'Hollegan,908-3846
917,Varndell,997-9961
918,Trunby,219-6532
919,Conford,867-3914
920,Jellico,997-0920
921,Wyrill,867-9078
922,Kearton,867-3329
923,Olenikov,219-1189
924,Salsberg,209-0505
925,Hallum,219-3996
926,Newick,429-8670
927,Bedburrow,444-0180
928,McGilben,270-2546
929,Infantino,429-3763
930,Bygrove,997-0542
931,O'Donoghue,270-4723
932,Fer,867-7196
933,Shimman,867-0768
934,Dowle,997-7223
935,Brando,444-9885
936,Fursey,867-5691
937,Finden,398-2586
938,Marson,398-1533
939,Bleby,925-8314
940,Jedryka,270-8342
941,Ramsey,908-4262
942,Strickland,219-0971
943,Gildea,270-8586
944,Sowrey,270-9764
945,Bownes,925-8359
946,Itscowics,997-9935
947,Clementel,209-1988
948,Leman,209-7035
949,Dudney,270-6365
950,Heball,219-9685
951,Revans,398-3638
952,Huonic,997-3996
953,Wesson,209-3761
954,Ellif,429-0075
955,Sokill,429-8286
956,Di Pietro,997-9730
957,Whiffin,867-3319
958,De Ruggiero,867-8237
959,Frend,444-9075
960,Igo,867-3742
961,Woollin,867-9150
962,Fairy,219-4177
963,Delnevo,867-2263
964,Mouan,270-2157
965,Glander,270-3611
966,Fillary,925-7611
967,Newbigging,444-4219
968,Gheeorghie,209-3380
969,Knowlden,925-1470
970,Morpeth,997-0406
971,Hillam,270-1175
972,Nowak,209-1203
973,Summons,429-1792
974,Thurlbourne,219-6744
975,Suddock,997-9736
976,Glover,997-0811
977,Kulas,209-2262
978,Blundin,997-0313
979,Grayston,444-6488
980,Denisovich,444-9483
981,de Najera,398-5471
982,Walstow,925-5118
983,Edmonson,209-5373
984,Espine,429-6600
985,Ainger,270-1871
986,Lambkin,908-7025
987,O'Meara,429-2300
988,Trumpeter,209-2753
989,Zanni,997-0129
990,Overbury,908-7740
991,Gueny,219-5382
992,Peyes,209-6049
993,Varndell,997-9301
994,McGinlay,867-6422
995,Wyrill,219-2404
996,Weekley,429-9443
997,Hought,908-4994
998,Denecamp,867-5059
999,Guilleton,219-3035
1000,Axten,925-8283
